id   ,name
1000 ,Alabama
1001 ,Autauga
1003 ,Baldwin
1005 ,Barbour
1007 ,Bibb
1009 ,Blount
1011 ,Bullock
1013 ,Butler
1015 ,Calhoun
1017 ,Chambers
1019 ,Cherokee
1021 ,Chilton
1023 ,Choctaw
1025 ,Clarke
1027 ,Clay
1029 ,Cleburne
1031 ,Coffee
1033 ,Colbert
1035 ,Conecuh
1037 ,Coosa
1039 ,Covington
1041 ,Crenshaw
1043 ,Cullman
1045 ,Dale
1047 ,Dallas
1049 ,De Kalb
1051 ,Elmore
1053 ,Escambia
1055 ,Etowah
1057 ,Fayette
1059 ,Franklin
1061 ,Geneva
1063 ,Greene
1065 ,Hale
1067 ,Henry
1069 ,Houston
1071 ,Jackson
1073 ,Jefferson
1075 ,Lamar
1077 ,Lauderdale
1079 ,Lawrence
1081 ,Lee
1083 ,Limestone
1085 ,Lowndes
1087 ,Macon
1089 ,Madison
1091 ,Marengo
1093 ,Marion
1095 ,Marshall
1097 ,Mobile
1099 ,Monroe
1101 ,Montgomery
1103 ,Morgan
1105 ,Perry
1107 ,Pickens
1109 ,Pike
1111 ,Randolph
1113 ,Russell
1115 ,St. Clair
1117 ,Shelby
1119 ,Sumter
1121 ,Talladega
1123 ,Tallapoosa
1125 ,Tuscaloosa
1127 ,Walker
1129 ,Washington
1131 ,Wilcox
1133 ,Winston
2000 ,Alaska
2013 ,Aleutians East
2016 ,Aleutians West
2020 ,Anchorage
2050 ,Bethel
2060 ,Bristol Bay
2068 ,Denali
2070 ,Dillingham
2090 ,Fairbanks North Star
2100 ,Haines
2110 ,Juneau
2122 ,Kenai Peninsula
2130 ,Ketchikan Gateway
2150 ,Kodiak Island
2164 ,Lake and Peninsula
2170 ,Matanuska-Susitna
2180 ,Nome
2185 ,North Slope
2188 ,Northwest Arctic
2201 ,Prince of Wales-Outer Ketchikan
2220 ,Sitka
2232 ,Skagway-Hoonah-Angoon
2240 ,Southeast Fairbanks
2261 ,Valdez-Cordova
2270 ,Wade Hampton
2280 ,Wrangell-Petersburg
2282 ,Yakutat
2290 ,Yukon-Koyukuk
4000 ,Arizona
4001 ,Apache
4003 ,Cochise
4005 ,Coconino
4007 ,Gila
4009 ,Graham
4011 ,Greenlee
4012 ,La Paz
4013 ,Maricopa
4015 ,Mohave
4017 ,Navajo
4019 ,Pima
4021 ,Pinal
4023 ,Santa Cruz
4025 ,Yavapai
4027 ,Yuma
5000 ,Arkansas
5001 ,Arkansas
5003 ,Ashley
5005 ,Baxter
5007 ,Benton
5009 ,Boone
5011 ,Bradley
5013 ,Calhoun
5015 ,Carroll
5017 ,Chicot
5019 ,Clark
5021 ,Clay
5023 ,Cleburne
5025 ,Cleveland
5027 ,Columbia
5029 ,Conway
5031 ,Craighead
5033 ,Crawford
5035 ,Crittenden
5037 ,Cross
5039 ,Dallas
5041 ,Desha
5043 ,Drew
5045 ,Faulkner
5047 ,Franklin
5049 ,Fulton
5051 ,Garland
5053 ,Grant
5055 ,Greene
5057 ,Hempstead
5059 ,Hot Spring
5061 ,Howard
5063 ,Independence
5065 ,Izard
5067 ,Jackson
5069 ,Jefferson
5071 ,Johnson
5073 ,Lafayette
5075 ,Lawrence
5077 ,Lee
5079 ,Lincoln
5081 ,Little River
5083 ,Logan
5085 ,Lonoke
5087 ,Madison
5089 ,Marion
5091 ,Miller
5093 ,Mississippi
5095 ,Monroe
5097 ,Montgomery
5099 ,Nevada
5101 ,Newton
5103 ,Ouachita
5105 ,Perry
5107 ,Phillips
5109 ,Pike
5111 ,Poinsett
5113 ,Polk
5115 ,Pope
5117 ,Prairie
5119 ,Pulaski
5121 ,Randolph
5123 ,St. Francis
5125 ,Saline
5127 ,Scott
5129 ,Searcy
5131 ,Sebastian
5133 ,Sevier
5135 ,Sharp
5137 ,Stone
5139 ,Union
5141 ,Van Buren
5143 ,Washington
5145 ,White
5147 ,Woodruff
5149 ,Yell
6000 ,California
6001 ,Alameda
6003 ,Alpine
6005 ,Amador
6007 ,Butte
6009 ,Calaveras
6011 ,Colusa
6013 ,Contra Costa
6015 ,Del Norte
6017 ,El Dorado
6019 ,Fresno
6021 ,Glenn
6023 ,Humboldt
6025 ,Imperial
6027 ,Inyo
6029 ,Kern
6031 ,Kings
6033 ,Lake
6035 ,Lassen
6037 ,Los Angeles
6039 ,Madera
6041 ,Marin
6043 ,Mariposa
6045 ,Mendocino
6047 ,Merced
6049 ,Modoc
6051 ,Mono
6053 ,Monterey
6055 ,Napa
6057 ,Nevada
6059 ,Orange
6061 ,Placer
6063 ,Plumas
6065 ,Riverside
6067 ,Sacramento
6069 ,San Benito
6071 ,San Bernardino
6073 ,San Diego
6075 ,San Francisco
6077 ,San Joaquin
6079 ,San Luis Obispo
6081 ,San Mateo
6083 ,Santa Barbara
6085 ,Santa Clara
6087 ,Santa Cruz
6089 ,Shasta
6091 ,Sierra
6093 ,Siskiyou
6095 ,Solano
6097 ,Sonoma
6099 ,Stanislaus
6101 ,Sutter
6103 ,Tehama
6105 ,Trinity
6107 ,Tulare
6109 ,Tuolumne
6111 ,Ventura
6113 ,Yolo
6115 ,Yuba
8000 ,Colorado
8001 ,Adams
8003 ,Alamosa
8005 ,Arapahoe
8007 ,Archuleta
8009 ,Baca
8011 ,Bent
8013 ,Boulder
8015 ,Chaffee
8017 ,Cheyenne
8019 ,Clear Creek
8021 ,Conejos
8023 ,Costilla
8025 ,Crowley
8027 ,Custer
8029 ,Delta
8031 ,Denver
8033 ,Dolores
8035 ,Douglas
8037 ,Eagle
8039 ,Elbert
8041 ,El Paso
8043 ,Fremont
8045 ,Garfield
8047 ,Gilpin
8049 ,Grand
8051 ,Gunnison
8053 ,Hinsdale
8055 ,Huerfano
8057 ,Jackson
8059 ,Jefferson
8061 ,Kiowa
8063 ,Kit Carson
8065 ,Lake
8067 ,La Plata
8069 ,Larimer
8071 ,Las Animas
8073 ,Lincoln
8075 ,Logan
8077 ,Mesa
8079 ,Mineral
8081 ,Moffat
8083 ,Montezuma
8085 ,Montrose
8087 ,Morgan
8089 ,Otero
8091 ,Ouray
8093 ,Park
8095 ,Phillips
8097 ,Pitkin
8099 ,Prowers
8101 ,Pueblo
8103 ,Rio Blanco
8105 ,Rio Grande
8107 ,Routt
8109 ,Saguache
8111 ,San Juan
8113 ,San Miguel
8115 ,Sedgwick
8117 ,Summit
8119 ,Teller
8121 ,Washington
8123 ,Weld
8125 ,Yuma
9000 ,Connecticut
9001 ,Fairfield
9003 ,Hartford
9005 ,Litchfield
9007 ,Middlesex
9009 ,New Haven
9011 ,New London
9013 ,Tolland
9015  ,Windham
10000 ,#VALUE!
10001 ,#VALUE!
10003 ,#VALUE!
10005 ,#VALUE!
11000 ,#VALUE!
11001 ,#VALUE!
12000 ,#VALUE!
12001 ,#VALUE!
12003 ,#VALUE!
12005 ,#VALUE!
12007 ,#VALUE!
12009 ,#VALUE!
12011 ,#VALUE!
12013 ,#VALUE!
12015 ,#VALUE!
12017 ,#VALUE!
12019 ,#VALUE!
12021 ,#VALUE!
12023 ,#VALUE!
12025 ,#VALUE!
12027 ,#VALUE!
12029 ,#VALUE!
12031 ,#VALUE!
12033 ,#VALUE!
12035 ,#VALUE!
12037 ,#VALUE!
12039 ,#VALUE!
12041 ,#VALUE!
12043 ,#VALUE!
12045 ,#VALUE!
12047 ,#VALUE!
12049 ,#VALUE!
12051 ,#VALUE!
12053 ,#VALUE!
12055 ,#VALUE!
12057 ,#VALUE!
12059 ,#VALUE!
12061 ,#VALUE!
12063 ,#VALUE!
12065 ,#VALUE!
12067 ,#VALUE!
12069 ,#VALUE!
12071 ,#VALUE!
12073 ,#VALUE!
12075 ,#VALUE!
12077 ,#VALUE!
12079 ,#VALUE!
12081 ,#VALUE!
12083 ,#VALUE!
12085 ,#VALUE!
12087 ,#VALUE!
12089 ,#VALUE!
12091 ,#VALUE!
12093 ,#VALUE!
12095 ,#VALUE!
12097 ,#VALUE!
12099 ,#VALUE!
12101 ,#VALUE!
12103 ,#VALUE!
12105 ,#VALUE!
12107 ,#VALUE!
12109 ,#VALUE!
12111 ,#VALUE!
12113 ,#VALUE!
12115 ,#VALUE!
12117 ,#VALUE!
12119 ,#VALUE!
12121 ,#VALUE!
12123 ,#VALUE!
12125 ,#VALUE!
12127 ,#VALUE!
12129 ,#VALUE!
12131 ,#VALUE!
12133 ,#VALUE!
13000 ,#VALUE!
13001 ,#VALUE!
13003 ,#VALUE!
13005 ,#VALUE!
13007 ,#VALUE!
13009 ,#VALUE!
13011 ,#VALUE!
13013 ,#VALUE!
13015 ,#VALUE!
13017 ,#VALUE!
13019 ,#VALUE!
13021 ,#VALUE!
13023 ,#VALUE!
13025 ,#VALUE!
13027 ,#VALUE!
13029 ,#VALUE!
13031 ,#VALUE!
13033 ,#VALUE!
13035 ,#VALUE!
13037 ,#VALUE!
13039 ,#VALUE!
13043 ,#VALUE!
13045 ,#VALUE!
13047 ,#VALUE!
13049 ,#VALUE!
13051 ,#VALUE!
13053 ,#VALUE!
13055 ,#VALUE!
13057 ,#VALUE!
13059 ,#VALUE!
13061 ,#VALUE!
13063 ,#VALUE!
13065 ,#VALUE!
13067 ,#VALUE!
13069 ,#VALUE!
13071 ,#VALUE!
13073 ,#VALUE!
13075 ,#VALUE!
13077 ,#VALUE!
13079 ,#VALUE!
13081 ,#VALUE!
13083 ,#VALUE!
13085 ,#VALUE!
13087 ,#VALUE!
13089 ,#VALUE!
13091 ,#VALUE!
13093 ,#VALUE!
13095 ,#VALUE!
13097 ,#VALUE!
13099 ,#VALUE!
13101 ,#VALUE!
13103 ,#VALUE!
13105 ,#VALUE!
13107 ,#VALUE!
13109 ,#VALUE!
13111 ,#VALUE!
13113 ,#VALUE!
13115 ,#VALUE!
13117 ,#VALUE!
13119 ,#VALUE!
13121 ,#VALUE!
13123 ,#VALUE!
13125 ,#VALUE!
13127 ,#VALUE!
13129 ,#VALUE!
13131 ,#VALUE!
13133 ,#VALUE!
13135 ,#VALUE!
13137 ,#VALUE!
13139 ,#VALUE!
13141 ,#VALUE!
13143 ,#VALUE!
13145 ,#VALUE!
13147 ,#VALUE!
13149 ,#VALUE!
13151 ,#VALUE!
13153 ,#VALUE!
13155 ,#VALUE!
13157 ,#VALUE!
13159 ,#VALUE!
13161 ,#VALUE!
13163 ,#VALUE!
13165 ,#VALUE!
13167 ,#VALUE!
13169 ,#VALUE!
13171 ,#VALUE!
13173 ,#VALUE!
13175 ,#VALUE!
13177 ,#VALUE!
13179 ,#VALUE!
13181 ,#VALUE!
13183 ,#VALUE!
13185 ,#VALUE!
13187 ,#VALUE!
13189 ,#VALUE!
13191 ,#VALUE!
13193 ,#VALUE!
13195 ,#VALUE!
13197 ,#VALUE!
13199 ,#VALUE!
13201 ,#VALUE!
13205 ,#VALUE!
13207 ,#VALUE!
13209 ,#VALUE!
13211 ,#VALUE!
13213 ,#VALUE!
13215 ,#VALUE!
13217 ,#VALUE!
13219 ,#VALUE!
13221 ,#VALUE!
13223 ,#VALUE!
13225 ,#VALUE!
13227 ,#VALUE!
13229 ,#VALUE!
13231 ,#VALUE!
13233 ,#VALUE!
13235 ,#VALUE!
13237 ,#VALUE!
13239 ,#VALUE!
13241 ,#VALUE!
13243 ,#VALUE!
13245 ,#VALUE!
13247 ,#VALUE!
13249 ,#VALUE!
13251 ,#VALUE!
13253 ,#VALUE!
13255 ,#VALUE!
13257 ,#VALUE!
13259 ,#VALUE!
13261 ,#VALUE!
13263 ,#VALUE!
13265 ,#VALUE!
13267 ,#VALUE!
13269 ,#VALUE!
13271 ,#VALUE!
13273 ,#VALUE!
13275 ,#VALUE!
13277 ,#VALUE!
13279 ,#VALUE!
13281 ,#VALUE!
13283 ,#VALUE!
13285 ,#VALUE!
13287 ,#VALUE!
13289 ,#VALUE!
13291 ,#VALUE!
13293 ,#VALUE!
13295 ,#VALUE!
13297 ,#VALUE!
13299 ,#VALUE!
13301 ,#VALUE!
13303 ,#VALUE!
13305 ,#VALUE!
13307 ,#VALUE!
13309 ,#VALUE!
13311 ,#VALUE!
13313 ,#VALUE!
13315 ,#VALUE!
13317 ,#VALUE!
13319 ,#VALUE!
13321 ,#VALUE!
15000 ,#VALUE!
15001 ,#VALUE!
15003 ,#VALUE!
15005 ,#VALUE!
15007 ,#VALUE!
15009 ,#VALUE!
16000 ,#VALUE!
16001 ,#VALUE!
16003 ,#VALUE!
16005 ,#VALUE!
16007 ,#VALUE!
16009 ,#VALUE!
16011 ,#VALUE!
16013 ,#VALUE!
16015 ,#VALUE!
16017 ,#VALUE!
16019 ,#VALUE!
16021 ,#VALUE!
16023 ,#VALUE!
16025 ,#VALUE!
16027 ,#VALUE!
16029 ,#VALUE!
16031 ,#VALUE!
16033 ,#VALUE!
16035 ,#VALUE!
16037 ,#VALUE!
16039 ,#VALUE!
16041 ,#VALUE!
16043 ,#VALUE!
16045 ,#VALUE!
16047 ,#VALUE!
16049 ,#VALUE!
16051 ,#VALUE!
16053 ,#VALUE!
16055 ,#VALUE!
16057 ,#VALUE!
16059 ,#VALUE!
16061 ,#VALUE!
16063 ,#VALUE!
16065 ,#VALUE!
16067 ,#VALUE!
16069 ,#VALUE!
16071 ,#VALUE!
16073 ,#VALUE!
16075 ,#VALUE!
16077 ,#VALUE!
16079 ,#VALUE!
16081 ,#VALUE!
16083 ,#VALUE!
16085 ,#VALUE!
16087 ,#VALUE!
17000 ,#VALUE!
17001 ,#VALUE!
17003 ,#VALUE!
17005 ,#VALUE!
17007 ,#VALUE!
17009 ,#VALUE!
17011 ,#VALUE!
17013 ,#VALUE!
17015 ,#VALUE!
17017 ,#VALUE!
17019 ,#VALUE!
17021 ,#VALUE!
17023 ,#VALUE!
17025 ,#VALUE!
17027 ,#VALUE!
17029 ,#VALUE!
17031 ,#VALUE!
17033 ,#VALUE!
17035 ,#VALUE!
17037 ,#VALUE!
17039 ,#VALUE!
17041 ,#VALUE!
17043 ,#VALUE!
17045 ,#VALUE!
17047 ,#VALUE!
17049 ,#VALUE!
17051 ,#VALUE!
17053 ,#VALUE!
17055 ,#VALUE!
17057 ,#VALUE!
17059 ,#VALUE!
17061 ,#VALUE!
17063 ,#VALUE!
17065 ,#VALUE!
17067 ,#VALUE!
17069 ,#VALUE!
17071 ,#VALUE!
17073 ,#VALUE!
17075 ,#VALUE!
17077 ,#VALUE!
17079 ,#VALUE!
17081 ,#VALUE!
17083 ,#VALUE!
17085 ,#VALUE!
17087 ,#VALUE!
17089 ,#VALUE!
17091 ,#VALUE!
17093 ,#VALUE!
17095 ,#VALUE!
17097 ,#VALUE!
17099 ,#VALUE!
17101 ,#VALUE!
17103 ,#VALUE!
17105 ,#VALUE!
17107 ,#VALUE!
17109 ,#VALUE!
17111 ,#VALUE!
17113 ,#VALUE!
17115 ,#VALUE!
17117 ,#VALUE!
17119 ,#VALUE!
17121 ,#VALUE!
17123 ,#VALUE!
17125 ,#VALUE!
17127 ,#VALUE!
17129 ,#VALUE!
17131 ,#VALUE!
17133 ,#VALUE!
17135 ,#VALUE!
17137 ,#VALUE!
17139 ,#VALUE!
17141 ,#VALUE!
17143 ,#VALUE!
17145 ,#VALUE!
17147 ,#VALUE!
17149 ,#VALUE!
17151 ,#VALUE!
17153 ,#VALUE!
17155 ,#VALUE!
17157 ,#VALUE!
17159 ,#VALUE!
17161 ,#VALUE!
17163 ,#VALUE!
17165 ,#VALUE!
17167 ,#VALUE!
17169 ,#VALUE!
17171 ,#VALUE!
17173 ,#VALUE!
17175 ,#VALUE!
17177 ,#VALUE!
17179 ,#VALUE!
17181 ,#VALUE!
17183 ,#VALUE!
17185 ,#VALUE!
17187 ,#VALUE!
17189 ,#VALUE!
17191 ,#VALUE!
17193 ,#VALUE!
17195 ,#VALUE!
17197 ,#VALUE!
17199 ,#VALUE!
17201 ,#VALUE!
17203 ,#VALUE!
18000 ,#VALUE!
18001 ,#VALUE!
18003 ,#VALUE!
18005 ,#VALUE!
18007 ,#VALUE!
18009 ,#VALUE!
18011 ,#VALUE!
18013 ,#VALUE!
18015 ,#VALUE!
18017 ,#VALUE!
18019 ,#VALUE!
18021 ,#VALUE!
18023 ,#VALUE!
18025 ,#VALUE!
18027 ,#VALUE!
18029 ,#VALUE!
18031 ,#VALUE!
18033 ,#VALUE!
18035 ,#VALUE!
18037 ,#VALUE!
18039 ,#VALUE!
18041 ,#VALUE!
18043 ,#VALUE!
18045 ,#VALUE!
18047 ,#VALUE!
18049 ,#VALUE!
18051 ,#VALUE!
18053 ,#VALUE!
18055 ,#VALUE!
18057 ,#VALUE!
18059 ,#VALUE!
18061 ,#VALUE!
18063 ,#VALUE!
18065 ,#VALUE!
18067 ,#VALUE!
18069 ,#VALUE!
18071 ,#VALUE!
18073 ,#VALUE!
18075 ,#VALUE!
18077 ,#VALUE!
18079 ,#VALUE!
18081 ,#VALUE!
18083 ,#VALUE!
18085 ,#VALUE!
18087 ,#VALUE!
18089 ,#VALUE!
18091 ,#VALUE!
18093 ,#VALUE!
18095 ,#VALUE!
18097 ,#VALUE!
18099 ,#VALUE!
18101 ,#VALUE!
18103 ,#VALUE!
18105 ,#VALUE!
18107 ,#VALUE!
18109 ,#VALUE!
18111 ,#VALUE!
18113 ,#VALUE!
18115 ,#VALUE!
18117 ,#VALUE!
18119 ,#VALUE!
18121 ,#VALUE!
18123 ,#VALUE!
18125 ,#VALUE!
18127 ,#VALUE!
18129 ,#VALUE!
18131 ,#VALUE!
18133 ,#VALUE!
18135 ,#VALUE!
18137 ,#VALUE!
18139 ,#VALUE!
18141 ,#VALUE!
18143 ,#VALUE!
18145 ,#VALUE!
18147 ,#VALUE!
18149 ,#VALUE!
18151 ,#VALUE!
18153 ,#VALUE!
18155 ,#VALUE!
18157 ,#VALUE!
18159 ,#VALUE!
18161 ,#VALUE!
18163 ,#VALUE!
18165 ,#VALUE!
18167 ,#VALUE!
18169 ,#VALUE!
18171 ,#VALUE!
18173 ,#VALUE!
18175 ,#VALUE!
18177 ,#VALUE!
18179 ,#VALUE!
18181 ,#VALUE!
18183 ,#VALUE!
19000 ,#VALUE!
19001 ,#VALUE!
19003 ,#VALUE!
19005 ,#VALUE!
19007 ,#VALUE!
19009 ,#VALUE!
19011 ,#VALUE!
19013 ,#VALUE!
19015 ,#VALUE!
19017 ,#VALUE!
19019 ,#VALUE!
19021 ,#VALUE!
19023 ,#VALUE!
19025 ,#VALUE!
19027 ,#VALUE!
19029 ,#VALUE!
19031 ,#VALUE!
19033 ,#VALUE!
19035 ,#VALUE!
19037 ,#VALUE!
19039 ,#VALUE!
19041 ,#VALUE!
19043 ,#VALUE!
19045 ,#VALUE!
19047 ,#VALUE!
19049 ,#VALUE!
19051 ,#VALUE!
19053 ,#VALUE!
19055 ,#VALUE!
19057 ,#VALUE!
19059 ,#VALUE!
19061 ,#VALUE!
19063 ,#VALUE!
19065 ,#VALUE!
19067 ,#VALUE!
19069 ,#VALUE!
19071 ,#VALUE!
19073 ,#VALUE!
19075 ,#VALUE!
19077 ,#VALUE!
19079 ,#VALUE!
19081 ,#VALUE!
19083 ,#VALUE!
19085 ,#VALUE!
19087 ,#VALUE!
19089 ,#VALUE!
19091 ,#VALUE!
19093 ,#VALUE!
19095 ,#VALUE!
19097 ,#VALUE!
19099 ,#VALUE!
19101 ,#VALUE!
19103 ,#VALUE!
19105 ,#VALUE!
19107 ,#VALUE!
19109 ,#VALUE!
19111 ,#VALUE!
19113 ,#VALUE!
19115 ,#VALUE!
19117 ,#VALUE!
19119 ,#VALUE!
19121 ,#VALUE!
19123 ,#VALUE!
19125 ,#VALUE!
19127 ,#VALUE!
19129 ,#VALUE!
19131 ,#VALUE!
19133 ,#VALUE!
19135 ,#VALUE!
19137 ,#VALUE!
19139 ,#VALUE!
19141 ,#VALUE!
19143 ,#VALUE!
19145 ,#VALUE!
19147 ,#VALUE!
19149 ,#VALUE!
19151 ,#VALUE!
19153 ,#VALUE!
19155 ,#VALUE!
19157 ,#VALUE!
19159 ,#VALUE!
19161 ,#VALUE!
19163 ,#VALUE!
19165 ,#VALUE!
19167 ,#VALUE!
19169 ,#VALUE!
19171 ,#VALUE!
19173 ,#VALUE!
19175 ,#VALUE!
19177 ,#VALUE!
19179 ,#VALUE!
19181 ,#VALUE!
19183 ,#VALUE!
19185 ,#VALUE!
19187 ,#VALUE!
19189 ,#VALUE!
19191 ,#VALUE!
19193 ,#VALUE!
19195 ,#VALUE!
19197 ,#VALUE!
20000 ,#VALUE!
20001 ,#VALUE!
20003 ,#VALUE!
20005 ,#VALUE!
20007 ,#VALUE!
20009 ,#VALUE!
20011 ,#VALUE!
20013 ,#VALUE!
20015 ,#VALUE!
20017 ,#VALUE!
20019 ,#VALUE!
20021 ,#VALUE!
20023 ,#VALUE!
20025 ,#VALUE!
20027 ,#VALUE!
20029 ,#VALUE!
20031 ,#VALUE!
20033 ,#VALUE!
20035 ,#VALUE!
20037 ,#VALUE!
20039 ,#VALUE!
20041 ,#VALUE!
20043 ,#VALUE!
20045 ,#VALUE!
20047 ,#VALUE!
20049 ,#VALUE!
20051 ,#VALUE!
20053 ,#VALUE!
20055 ,#VALUE!
20057 ,#VALUE!
20059 ,#VALUE!
20061 ,#VALUE!
20063 ,#VALUE!
20065 ,#VALUE!
20067 ,#VALUE!
20069 ,#VALUE!
20071 ,#VALUE!
20073 ,#VALUE!
20075 ,#VALUE!
20077 ,#VALUE!
20079 ,#VALUE!
20081 ,#VALUE!
20083 ,#VALUE!
20085 ,#VALUE!
20087 ,#VALUE!
20089 ,#VALUE!
20091 ,#VALUE!
20093 ,#VALUE!
20095 ,#VALUE!
20097 ,#VALUE!
20099 ,#VALUE!
20101 ,#VALUE!
20103 ,#VALUE!
20105 ,#VALUE!
20107 ,#VALUE!
20109 ,#VALUE!
20111 ,#VALUE!
20113 ,#VALUE!
20115 ,#VALUE!
20117 ,#VALUE!
20119 ,#VALUE!
20121 ,#VALUE!
20123 ,#VALUE!
20125 ,#VALUE!
20127 ,#VALUE!
20129 ,#VALUE!
20131 ,#VALUE!
20133 ,#VALUE!
20135 ,#VALUE!
20137 ,#VALUE!
20139 ,#VALUE!
20141 ,#VALUE!
20143 ,#VALUE!
20145 ,#VALUE!
20147 ,#VALUE!
20149 ,#VALUE!
20151 ,#VALUE!
20153 ,#VALUE!
20155 ,#VALUE!
20157 ,#VALUE!
20159 ,#VALUE!
20161 ,#VALUE!
20163 ,#VALUE!
20165 ,#VALUE!
20167 ,#VALUE!
20169 ,#VALUE!
20171 ,#VALUE!
20173 ,#VALUE!
20175 ,#VALUE!
20177 ,#VALUE!
20179 ,#VALUE!
20181 ,#VALUE!
20183 ,#VALUE!
20185 ,#VALUE!
20187 ,#VALUE!
20189 ,#VALUE!
20191 ,#VALUE!
20193 ,#VALUE!
20195 ,#VALUE!
20197 ,#VALUE!
20199 ,#VALUE!
20201 ,#VALUE!
20203 ,#VALUE!
20205 ,#VALUE!
20207 ,#VALUE!
20209 ,#VALUE!
21000 ,#VALUE!
21001 ,#VALUE!
21003 ,#VALUE!
21005 ,#VALUE!
21007 ,#VALUE!
21009 ,#VALUE!
21011 ,#VALUE!
21013 ,#VALUE!
21015 ,#VALUE!
21017 ,#VALUE!
21019 ,#VALUE!
21021 ,#VALUE!
21023 ,#VALUE!
21025 ,#VALUE!
21027 ,#VALUE!
21029 ,#VALUE!
21031 ,#VALUE!
21033 ,#VALUE!
21035 ,#VALUE!
21037 ,#VALUE!
21039 ,#VALUE!
21041 ,#VALUE!
21043 ,#VALUE!
21045 ,#VALUE!
21047 ,#VALUE!
21049 ,#VALUE!
21051 ,#VALUE!
21053 ,#VALUE!
21055 ,#VALUE!
21057 ,#VALUE!
21059 ,#VALUE!
21061 ,#VALUE!
21063 ,#VALUE!
21065 ,#VALUE!
21067 ,#VALUE!
21069 ,#VALUE!
21071 ,#VALUE!
21073 ,#VALUE!
21075 ,#VALUE!
21077 ,#VALUE!
21079 ,#VALUE!
21081 ,#VALUE!
21083 ,#VALUE!
21085 ,#VALUE!
21087 ,#VALUE!
21089 ,#VALUE!
21091 ,#VALUE!
21093 ,#VALUE!
21095 ,#VALUE!
21097 ,#VALUE!
21099 ,#VALUE!
21101 ,#VALUE!
21103 ,#VALUE!
21105 ,#VALUE!
21107 ,#VALUE!
21109 ,#VALUE!
21111 ,#VALUE!
21113 ,#VALUE!
21115 ,#VALUE!
21117 ,#VALUE!
21119 ,#VALUE!
21121 ,#VALUE!
21123 ,#VALUE!
21125 ,#VALUE!
21127 ,#VALUE!
21129 ,#VALUE!
21131 ,#VALUE!
21133 ,#VALUE!
21135 ,#VALUE!
21137 ,#VALUE!
21139 ,#VALUE!
21141 ,#VALUE!
21143 ,#VALUE!
21145 ,#VALUE!
21147 ,#VALUE!
21149 ,#VALUE!
21151 ,#VALUE!
21153 ,#VALUE!
21155 ,#VALUE!
21157 ,#VALUE!
21159 ,#VALUE!
21161 ,#VALUE!
21163 ,#VALUE!
21165 ,#VALUE!
21167 ,#VALUE!
21169 ,#VALUE!
21171 ,#VALUE!
21173 ,#VALUE!
21175 ,#VALUE!
21177 ,#VALUE!
21179 ,#VALUE!
21181 ,#VALUE!
21183 ,#VALUE!
21185 ,#VALUE!
21187 ,#VALUE!
21189 ,#VALUE!
21191 ,#VALUE!
21193 ,#VALUE!
21195 ,#VALUE!
21197 ,#VALUE!
21199 ,#VALUE!
21201 ,#VALUE!
21203 ,#VALUE!
21205 ,#VALUE!
21207 ,#VALUE!
21209 ,#VALUE!
21211 ,#VALUE!
21213 ,#VALUE!
21215 ,#VALUE!
21217 ,#VALUE!
21219 ,#VALUE!
21221 ,#VALUE!
21223 ,#VALUE!
21225 ,#VALUE!
21227 ,#VALUE!
21229 ,#VALUE!
21231 ,#VALUE!
21233 ,#VALUE!
21235 ,#VALUE!
21237 ,#VALUE!
21239 ,#VALUE!
22000 ,#VALUE!
22001 ,#VALUE!
22003 ,#VALUE!
22005 ,#VALUE!
22007 ,#VALUE!
22009 ,#VALUE!
22011 ,#VALUE!
22013 ,#VALUE!
22015 ,#VALUE!
22017 ,#VALUE!
22019 ,#VALUE!
22021 ,#VALUE!
22023 ,#VALUE!
22025 ,#VALUE!
22027 ,#VALUE!
22029 ,#VALUE!
22031 ,#VALUE!
22033 ,#VALUE!
22035 ,#VALUE!
22037 ,#VALUE!
22039 ,#VALUE!
22041 ,#VALUE!
22043 ,#VALUE!
22045 ,#VALUE!
22047 ,#VALUE!
22049 ,#VALUE!
22051 ,#VALUE!
22053 ,#VALUE!
22055 ,#VALUE!
22057 ,#VALUE!
22059 ,#VALUE!
22061 ,#VALUE!
22063 ,#VALUE!
22065 ,#VALUE!
22067 ,#VALUE!
22069 ,#VALUE!
22071 ,#VALUE!
22073 ,#VALUE!
22075 ,#VALUE!
22077 ,#VALUE!
22079 ,#VALUE!
22081 ,#VALUE!
22083 ,#VALUE!
22085 ,#VALUE!
22087 ,#VALUE!
22089 ,#VALUE!
22091 ,#VALUE!
22093 ,#VALUE!
22095 ,#VALUE!
22097 ,#VALUE!
22099 ,#VALUE!
22101 ,#VALUE!
22103 ,#VALUE!
22105 ,#VALUE!
22107 ,#VALUE!
22109 ,#VALUE!
22111 ,#VALUE!
22113 ,#VALUE!
22115 ,#VALUE!
22117 ,#VALUE!
22119 ,#VALUE!
22121 ,#VALUE!
22123 ,#VALUE!
22125 ,#VALUE!
22127 ,#VALUE!
23000 ,#VALUE!
23001 ,#VALUE!
23003 ,#VALUE!
23005 ,#VALUE!
23007 ,#VALUE!
23009 ,#VALUE!
23011 ,#VALUE!
23013 ,#VALUE!
23015 ,#VALUE!
23017 ,#VALUE!
23019 ,#VALUE!
23021 ,#VALUE!
23023 ,#VALUE!
23025 ,#VALUE!
23027 ,#VALUE!
23029 ,#VALUE!
23031 ,#VALUE!
24000 ,#VALUE!
24001 ,#VALUE!
24003 ,#VALUE!
24005 ,#VALUE!
24009 ,#VALUE!
24011 ,#VALUE!
24013 ,#VALUE!
24015 ,#VALUE!
24017 ,#VALUE!
24019 ,#VALUE!
24021 ,#VALUE!
24023 ,#VALUE!
24025 ,#VALUE!
24027 ,#VALUE!
24029 ,#VALUE!
24031 ,#VALUE!
24033 ,#VALUE!
24035 ,#VALUE!
24037 ,#VALUE!
24039 ,#VALUE!
24041 ,#VALUE!
24043 ,#VALUE!
24045 ,#VALUE!
24047 ,#VALUE!
24510 ,#VALUE!
25000 ,#VALUE!
25001 ,#VALUE!
25003 ,#VALUE!
25005 ,#VALUE!
25007 ,#VALUE!
25009 ,#VALUE!
25011 ,#VALUE!
25013 ,#VALUE!
25015 ,#VALUE!
25017 ,#VALUE!
25019 ,#VALUE!
25021 ,#VALUE!
25023 ,#VALUE!
25025 ,#VALUE!
25027 ,#VALUE!
26000 ,#VALUE!
26001 ,#VALUE!
26003 ,#VALUE!
26005 ,#VALUE!
26007 ,#VALUE!
26009 ,#VALUE!
26011 ,#VALUE!
26013 ,#VALUE!
26015 ,#VALUE!
26017 ,#VALUE!
26019 ,#VALUE!
26021 ,#VALUE!
26023 ,#VALUE!
26025 ,#VALUE!
26027 ,#VALUE!
26029 ,#VALUE!
26031 ,#VALUE!
26033 ,#VALUE!
26035 ,#VALUE!
26037 ,#VALUE!
26039 ,#VALUE!
26041 ,#VALUE!
26043 ,#VALUE!
26045 ,#VALUE!
26047 ,#VALUE!
26049 ,#VALUE!
26051 ,#VALUE!
26053 ,#VALUE!
26055 ,#VALUE!
26057 ,#VALUE!
26059 ,#VALUE!
26061 ,#VALUE!
26063 ,#VALUE!
26065 ,#VALUE!
26067 ,#VALUE!
26069 ,#VALUE!
26071 ,#VALUE!
26073 ,#VALUE!
26075 ,#VALUE!
26077 ,#VALUE!
26079 ,#VALUE!
26081 ,#VALUE!
26083 ,#VALUE!
26085 ,#VALUE!
26087 ,#VALUE!
26089 ,#VALUE!
26091 ,#VALUE!
26093 ,#VALUE!
26095 ,#VALUE!
26097 ,#VALUE!
26099 ,#VALUE!
26101 ,#VALUE!
26103 ,#VALUE!
26105 ,#VALUE!
26107 ,#VALUE!
26109 ,#VALUE!
26111 ,#VALUE!
26113 ,#VALUE!
26115 ,#VALUE!
26117 ,#VALUE!
26119 ,#VALUE!
26121 ,#VALUE!
26123 ,#VALUE!
26125 ,#VALUE!
26127 ,#VALUE!
26129 ,#VALUE!
26131 ,#VALUE!
26133 ,#VALUE!
26135 ,#VALUE!
26137 ,#VALUE!
26139 ,#VALUE!
26141 ,#VALUE!
26143 ,#VALUE!
26145 ,#VALUE!
26147 ,#VALUE!
26149 ,#VALUE!
26151 ,#VALUE!
26153 ,#VALUE!
26155 ,#VALUE!
26157 ,#VALUE!
26159 ,#VALUE!
26161 ,#VALUE!
26163 ,#VALUE!
26165 ,#VALUE!
27000 ,#VALUE!
27001 ,#VALUE!
27003 ,#VALUE!
27005 ,#VALUE!
27007 ,#VALUE!
27009 ,#VALUE!
27011 ,#VALUE!
27013 ,#VALUE!
27015 ,#VALUE!
27017 ,#VALUE!
27019 ,#VALUE!
27021 ,#VALUE!
27023 ,#VALUE!
27025 ,#VALUE!
27027 ,#VALUE!
27029 ,#VALUE!
27031 ,#VALUE!
27033 ,#VALUE!
27035 ,#VALUE!
27037 ,#VALUE!
27039 ,#VALUE!
27041 ,#VALUE!
27043 ,#VALUE!
27045 ,#VALUE!
27047 ,#VALUE!
27049 ,#VALUE!
27051 ,#VALUE!
27053 ,#VALUE!
27055 ,#VALUE!
27057 ,#VALUE!
27059 ,#VALUE!
27061 ,#VALUE!
27063 ,#VALUE!
27065 ,#VALUE!
27067 ,#VALUE!
27069 ,#VALUE!
27071 ,#VALUE!
27073 ,#VALUE!
27075 ,#VALUE!
27077 ,#VALUE!
27079 ,#VALUE!
27081 ,#VALUE!
27083 ,#VALUE!
27085 ,#VALUE!
27087 ,#VALUE!
27089 ,#VALUE!
27091 ,#VALUE!
27093 ,#VALUE!
27095 ,#VALUE!
27097 ,#VALUE!
27099 ,#VALUE!
27101 ,#VALUE!
27103 ,#VALUE!
27105 ,#VALUE!
27107 ,#VALUE!
27109 ,#VALUE!
27111 ,#VALUE!
27113 ,#VALUE!
27115 ,#VALUE!
27117 ,#VALUE!
27119 ,#VALUE!
27121 ,#VALUE!
27123 ,#VALUE!
27125 ,#VALUE!
27127 ,#VALUE!
27129 ,#VALUE!
27131 ,#VALUE!
27133 ,#VALUE!
27135 ,#VALUE!
27137 ,#VALUE!
27139 ,#VALUE!
27141 ,#VALUE!
27143 ,#VALUE!
27145 ,#VALUE!
27147 ,#VALUE!
27149 ,#VALUE!
27151 ,#VALUE!
27153 ,#VALUE!
27155 ,#VALUE!
27157 ,#VALUE!
27159 ,#VALUE!
27161 ,#VALUE!
27163 ,#VALUE!
27165 ,#VALUE!
27167 ,#VALUE!
27169 ,#VALUE!
27171 ,#VALUE!
27173 ,#VALUE!
28000 ,#VALUE!
28001 ,#VALUE!
28003 ,#VALUE!
28005 ,#VALUE!
28007 ,#VALUE!
28009 ,#VALUE!
28011 ,#VALUE!
28013 ,#VALUE!
28015 ,#VALUE!
28017 ,#VALUE!
28019 ,#VALUE!
28021 ,#VALUE!
28023 ,#VALUE!
28025 ,#VALUE!
28027 ,#VALUE!
28029 ,#VALUE!
28031 ,#VALUE!
28033 ,#VALUE!
28035 ,#VALUE!
28037 ,#VALUE!
28039 ,#VALUE!
28041 ,#VALUE!
28043 ,#VALUE!
28045 ,#VALUE!
28047 ,#VALUE!
28049 ,#VALUE!
28051 ,#VALUE!
28053 ,#VALUE!
28055 ,#VALUE!
28057 ,#VALUE!
28059 ,#VALUE!
28061 ,#VALUE!
28063 ,#VALUE!
28065 ,#VALUE!
28067 ,#VALUE!
28069 ,#VALUE!
28071 ,#VALUE!
28073 ,#VALUE!
28075 ,#VALUE!
28077 ,#VALUE!
28079 ,#VALUE!
28081 ,#VALUE!
28083 ,#VALUE!
28085 ,#VALUE!
28087 ,#VALUE!
28089 ,#VALUE!
28091 ,#VALUE!
28093 ,#VALUE!
28095 ,#VALUE!
28097 ,#VALUE!
28099 ,#VALUE!
28101 ,#VALUE!
28103 ,#VALUE!
28105 ,#VALUE!
28107 ,#VALUE!
28109 ,#VALUE!
28111 ,#VALUE!
28113 ,#VALUE!
28115 ,#VALUE!
28117 ,#VALUE!
28119 ,#VALUE!
28121 ,#VALUE!
28123 ,#VALUE!
28125 ,#VALUE!
28127 ,#VALUE!
28129 ,#VALUE!
28131 ,#VALUE!
28133 ,#VALUE!
28135 ,#VALUE!
28137 ,#VALUE!
28139 ,#VALUE!
28141 ,#VALUE!
28143 ,#VALUE!
28145 ,#VALUE!
28147 ,#VALUE!
28149 ,#VALUE!
28151 ,#VALUE!
28153 ,#VALUE!
28155 ,#VALUE!
28157 ,#VALUE!
28159 ,#VALUE!
28161 ,#VALUE!
28163 ,#VALUE!
29000 ,#VALUE!
29001 ,#VALUE!
29003 ,#VALUE!
29005 ,#VALUE!
29007 ,#VALUE!
29009 ,#VALUE!
29011 ,#VALUE!
29013 ,#VALUE!
29015 ,#VALUE!
29017 ,#VALUE!
29019 ,#VALUE!
29021 ,#VALUE!
29023 ,#VALUE!
29025 ,#VALUE!
29027 ,#VALUE!
29029 ,#VALUE!
29031 ,#VALUE!
29033 ,#VALUE!
29035 ,#VALUE!
29037 ,#VALUE!
29039 ,#VALUE!
29041 ,#VALUE!
29043 ,#VALUE!
29045 ,#VALUE!
29047 ,#VALUE!
29049 ,#VALUE!
29051 ,#VALUE!
29053 ,#VALUE!
29055 ,#VALUE!
29057 ,#VALUE!
29059 ,#VALUE!
29061 ,#VALUE!
29063 ,#VALUE!
29065 ,#VALUE!
29067 ,#VALUE!
29069 ,#VALUE!
29071 ,#VALUE!
29073 ,#VALUE!
29075 ,#VALUE!
29077 ,#VALUE!
29079 ,#VALUE!
29081 ,#VALUE!
29083 ,#VALUE!
29085 ,#VALUE!
29087 ,#VALUE!
29089 ,#VALUE!
29091 ,#VALUE!
29093 ,#VALUE!
29095 ,#VALUE!
29097 ,#VALUE!
29099 ,#VALUE!
29101 ,#VALUE!
29103 ,#VALUE!
29105 ,#VALUE!
29107 ,#VALUE!
29109 ,#VALUE!
29111 ,#VALUE!
29113 ,#VALUE!
29115 ,#VALUE!
29117 ,#VALUE!
29119 ,#VALUE!
29121 ,#VALUE!
29123 ,#VALUE!
29125 ,#VALUE!
29127 ,#VALUE!
29129 ,#VALUE!
29131 ,#VALUE!
29133 ,#VALUE!
29135 ,#VALUE!
29137 ,#VALUE!
29139 ,#VALUE!
29141 ,#VALUE!
29143 ,#VALUE!
29145 ,#VALUE!
29147 ,#VALUE!
29149 ,#VALUE!
29151 ,#VALUE!
29153 ,#VALUE!
29155 ,#VALUE!
29157 ,#VALUE!
29159 ,#VALUE!
29161 ,#VALUE!
29163 ,#VALUE!
29165 ,#VALUE!
29167 ,#VALUE!
29169 ,#VALUE!
29171 ,#VALUE!
29173 ,#VALUE!
29175 ,#VALUE!
29177 ,#VALUE!
29179 ,#VALUE!
29181 ,#VALUE!
29183 ,#VALUE!
29185 ,#VALUE!
29186 ,#VALUE!
29187 ,#VALUE!
29189 ,#VALUE!
29195 ,#VALUE!
29197 ,#VALUE!
29199 ,#VALUE!
29201 ,#VALUE!
29203 ,#VALUE!
29205 ,#VALUE!
29207 ,#VALUE!
29209 ,#VALUE!
29211 ,#VALUE!
29213 ,#VALUE!
29215 ,#VALUE!
29217 ,#VALUE!
29219 ,#VALUE!
29221 ,#VALUE!
29223 ,#VALUE!
29225 ,#VALUE!
29227 ,#VALUE!
29229 ,#VALUE!
29510 ,#VALUE!
30000 ,#VALUE!
30001 ,#VALUE!
30003 ,#VALUE!
30005 ,#VALUE!
30007 ,#VALUE!
30009 ,#VALUE!
30011 ,#VALUE!
30013 ,#VALUE!
30015 ,#VALUE!
30017 ,#VALUE!
30019 ,#VALUE!
30021 ,#VALUE!
30023 ,#VALUE!
30025 ,#VALUE!
30027 ,#VALUE!
30029 ,#VALUE!
30031 ,#VALUE!
30033 ,#VALUE!
30035 ,#VALUE!
30037 ,#VALUE!
30039 ,#VALUE!
30041 ,#VALUE!
30043 ,#VALUE!
30045 ,#VALUE!
30047 ,#VALUE!
30049 ,#VALUE!
30051 ,#VALUE!
30053 ,#VALUE!
30055 ,#VALUE!
30057 ,#VALUE!
30059 ,#VALUE!
30061 ,#VALUE!
30063 ,#VALUE!
30065 ,#VALUE!
30067 ,#VALUE!
30069 ,#VALUE!
30071 ,#VALUE!
30073 ,#VALUE!
30075 ,#VALUE!
30077 ,#VALUE!
30079 ,#VALUE!
30081 ,#VALUE!
30083 ,#VALUE!
30085 ,#VALUE!
30087 ,#VALUE!
30089 ,#VALUE!
30091 ,#VALUE!
30093 ,#VALUE!
30095 ,#VALUE!
30097 ,#VALUE!
30099 ,#VALUE!
30101 ,#VALUE!
30103 ,#VALUE!
30105 ,#VALUE!
30107 ,#VALUE!
30109 ,#VALUE!
30111 ,#VALUE!
30113 ,#VALUE!
31000 ,#VALUE!
31001 ,#VALUE!
31003 ,#VALUE!
31005 ,#VALUE!
31007 ,#VALUE!
31009 ,#VALUE!
31011 ,#VALUE!
31013 ,#VALUE!
31015 ,#VALUE!
31017 ,#VALUE!
31019 ,#VALUE!
31021 ,#VALUE!
31023 ,#VALUE!
31025 ,#VALUE!
31027 ,#VALUE!
31029 ,#VALUE!
31031 ,#VALUE!
31033 ,#VALUE!
31035 ,#VALUE!
31037 ,#VALUE!
31039 ,#VALUE!
31041 ,#VALUE!
31043 ,#VALUE!
31045 ,#VALUE!
31047 ,#VALUE!
31049 ,#VALUE!
31051 ,#VALUE!
31053 ,#VALUE!
31055 ,#VALUE!
31057 ,#VALUE!
31059 ,#VALUE!
31061 ,#VALUE!
31063 ,#VALUE!
31065 ,#VALUE!
31067 ,#VALUE!
31069 ,#VALUE!
31071 ,#VALUE!
31073 ,#VALUE!
31075 ,#VALUE!
31077 ,#VALUE!
31079 ,#VALUE!
31081 ,#VALUE!
31083 ,#VALUE!
31085 ,#VALUE!
31087 ,#VALUE!
31089 ,#VALUE!
31091 ,#VALUE!
31093 ,#VALUE!
31095 ,#VALUE!
31097 ,#VALUE!
31099 ,#VALUE!
31101 ,#VALUE!
31103 ,#VALUE!
31105 ,#VALUE!
31107 ,#VALUE!
31109 ,#VALUE!
31111 ,#VALUE!
31113 ,#VALUE!
31115 ,#VALUE!
31117 ,#VALUE!
31119 ,#VALUE!
31121 ,#VALUE!
31123 ,#VALUE!
31125 ,#VALUE!
31127 ,#VALUE!
31129 ,#VALUE!
31131 ,#VALUE!
31133 ,#VALUE!
31135 ,#VALUE!
31137 ,#VALUE!
31139 ,#VALUE!
31141 ,#VALUE!
31143 ,#VALUE!
31145 ,#VALUE!
31147 ,#VALUE!
31149 ,#VALUE!
31151 ,#VALUE!
31153 ,#VALUE!
31155 ,#VALUE!
31157 ,#VALUE!
31159 ,#VALUE!
31161 ,#VALUE!
31163 ,#VALUE!
31165 ,#VALUE!
31167 ,#VALUE!
31169 ,#VALUE!
31171 ,#VALUE!
31173 ,#VALUE!
31175 ,#VALUE!
31177 ,#VALUE!
31179 ,#VALUE!
31181 ,#VALUE!
31183 ,#VALUE!
31185 ,#VALUE!
32000 ,#VALUE!
32001 ,#VALUE!
32003 ,#VALUE!
32005 ,#VALUE!
32007 ,#VALUE!
32009 ,#VALUE!
32011 ,#VALUE!
32013 ,#VALUE!
32015 ,#VALUE!
32017 ,#VALUE!
32019 ,#VALUE!
32021 ,#VALUE!
32023 ,#VALUE!
32027 ,#VALUE!
32029 ,#VALUE!
32031 ,#VALUE!
32033 ,#VALUE!
32510 ,#VALUE!
33000 ,#VALUE!
33001 ,#VALUE!
33003 ,#VALUE!
33005 ,#VALUE!
33007 ,#VALUE!
33009 ,#VALUE!
33011 ,#VALUE!
33013 ,#VALUE!
33015 ,#VALUE!
33017 ,#VALUE!
33019 ,#VALUE!
34000 ,#VALUE!
34001 ,#VALUE!
34003 ,#VALUE!
34005 ,#VALUE!
34007 ,#VALUE!
34009 ,#VALUE!
34011 ,#VALUE!
34013 ,#VALUE!
34015 ,#VALUE!
34017 ,#VALUE!
34019 ,#VALUE!
34021 ,#VALUE!
34023 ,#VALUE!
34025 ,#VALUE!
34027 ,#VALUE!
34029 ,#VALUE!
34031 ,#VALUE!
34033 ,#VALUE!
34035 ,#VALUE!
34037 ,#VALUE!
34039 ,#VALUE!
34041 ,#VALUE!
35000 ,#VALUE!
35001 ,#VALUE!
35003 ,#VALUE!
35005 ,#VALUE!
35006 ,#VALUE!
35007 ,#VALUE!
35009 ,#VALUE!
35011 ,#VALUE!
35013 ,#VALUE!
35015 ,#VALUE!
35017 ,#VALUE!
35019 ,#VALUE!
35021 ,#VALUE!
35023 ,#VALUE!
35025 ,#VALUE!
35027 ,#VALUE!
35028 ,#VALUE!
35029 ,#VALUE!
35031 ,#VALUE!
35033 ,#VALUE!
35035 ,#VALUE!
35037 ,#VALUE!
35039 ,#VALUE!
35041 ,#VALUE!
35043 ,#VALUE!
35045 ,#VALUE!
35047 ,#VALUE!
35049 ,#VALUE!
35051 ,#VALUE!
35053 ,#VALUE!
35055 ,#VALUE!
35057 ,#VALUE!
35059 ,#VALUE!
35061 ,#VALUE!
36000 ,#VALUE!
36001 ,#VALUE!
36003 ,#VALUE!
36005 ,#VALUE!
36007 ,#VALUE!
36009 ,#VALUE!
36011 ,#VALUE!
36013 ,#VALUE!
36015 ,#VALUE!
36017 ,#VALUE!
36019 ,#VALUE!
36021 ,#VALUE!
36023 ,#VALUE!
36025 ,#VALUE!
36027 ,#VALUE!
36029 ,#VALUE!
36031 ,#VALUE!
36033 ,#VALUE!
36035 ,#VALUE!
36037 ,#VALUE!
36039 ,#VALUE!
36041 ,#VALUE!
36043 ,#VALUE!
36045 ,#VALUE!
36047 ,#VALUE!
36049 ,#VALUE!
36051 ,#VALUE!
36053 ,#VALUE!
36055 ,#VALUE!
36057 ,#VALUE!
36059 ,#VALUE!
36061 ,#VALUE!
36063 ,#VALUE!
36065 ,#VALUE!
36067 ,#VALUE!
36069 ,#VALUE!
36071 ,#VALUE!
36073 ,#VALUE!
36075 ,#VALUE!
36077 ,#VALUE!
36079 ,#VALUE!
36081 ,#VALUE!
36083 ,#VALUE!
36085 ,#VALUE!
36087 ,#VALUE!
36089 ,#VALUE!
36091 ,#VALUE!
36093 ,#VALUE!
36095 ,#VALUE!
36097 ,#VALUE!
36099 ,#VALUE!
36101 ,#VALUE!
36103 ,#VALUE!
36105 ,#VALUE!
36107 ,#VALUE!
36109 ,#VALUE!
36111 ,#VALUE!
36113 ,#VALUE!
36115 ,#VALUE!
36117 ,#VALUE!
36119 ,#VALUE!
36121 ,#VALUE!
36123 ,#VALUE!
37000 ,#VALUE!
37001 ,#VALUE!
37003 ,#VALUE!
37005 ,#VALUE!
37007 ,#VALUE!
37009 ,#VALUE!
37011 ,#VALUE!
37013 ,#VALUE!
37015 ,#VALUE!
37017 ,#VALUE!
37019 ,#VALUE!
37021 ,#VALUE!
37023 ,#VALUE!
37025 ,#VALUE!
37027 ,#VALUE!
37029 ,#VALUE!
37031 ,#VALUE!
37033 ,#VALUE!
37035 ,#VALUE!
37037 ,#VALUE!
37039 ,#VALUE!
37041 ,#VALUE!
37043 ,#VALUE!
37045 ,#VALUE!
37047 ,#VALUE!
37049 ,#VALUE!
37051 ,#VALUE!
37053 ,#VALUE!
37055 ,#VALUE!
37057 ,#VALUE!
37059 ,#VALUE!
37061 ,#VALUE!
37063 ,#VALUE!
37065 ,#VALUE!
37067 ,#VALUE!
37069 ,#VALUE!
37071 ,#VALUE!
37073 ,#VALUE!
37075 ,#VALUE!
37077 ,#VALUE!
37079 ,#VALUE!
37081 ,#VALUE!
37083 ,#VALUE!
37085 ,#VALUE!
37087 ,#VALUE!
37089 ,#VALUE!
37091 ,#VALUE!
37093 ,#VALUE!
37095 ,#VALUE!
37097 ,#VALUE!
37099 ,#VALUE!
37101 ,#VALUE!
37103 ,#VALUE!
37105 ,#VALUE!
37107 ,#VALUE!
37109 ,#VALUE!
37111 ,#VALUE!
37113 ,#VALUE!
37115 ,#VALUE!
37117 ,#VALUE!
37119 ,#VALUE!
37121 ,#VALUE!
37123 ,#VALUE!
37125 ,#VALUE!
37127 ,#VALUE!
37129 ,#VALUE!
37131 ,#VALUE!
37133 ,#VALUE!
37135 ,#VALUE!
37137 ,#VALUE!
37139 ,#VALUE!
37141 ,#VALUE!
37143 ,#VALUE!
37145 ,#VALUE!
37147 ,#VALUE!
37149 ,#VALUE!
37151 ,#VALUE!
37153 ,#VALUE!
37155 ,#VALUE!
37157 ,#VALUE!
37159 ,#VALUE!
37161 ,#VALUE!
37163 ,#VALUE!
37165 ,#VALUE!
37167 ,#VALUE!
37169 ,#VALUE!
37171 ,#VALUE!
37173 ,#VALUE!
37175 ,#VALUE!
37177 ,#VALUE!
37179 ,#VALUE!
37181 ,#VALUE!
37183 ,#VALUE!
37185 ,#VALUE!
37187 ,#VALUE!
37189 ,#VALUE!
37191 ,#VALUE!
37193 ,#VALUE!
37195 ,#VALUE!
37197 ,#VALUE!
37199 ,#VALUE!
38000 ,#VALUE!
38001 ,#VALUE!
38003 ,#VALUE!
38005 ,#VALUE!
38007 ,#VALUE!
38009 ,#VALUE!
38011 ,#VALUE!
38013 ,#VALUE!
38015 ,#VALUE!
38017 ,#VALUE!
38019 ,#VALUE!
38021 ,#VALUE!
38023 ,#VALUE!
38025 ,#VALUE!
38027 ,#VALUE!
38029 ,#VALUE!
38031 ,#VALUE!
38033 ,#VALUE!
38035 ,#VALUE!
38037 ,#VALUE!
38039 ,#VALUE!
38041 ,#VALUE!
38043 ,#VALUE!
38045 ,#VALUE!
38047 ,#VALUE!
38049 ,#VALUE!
38051 ,#VALUE!
38053 ,#VALUE!
38055 ,#VALUE!
38057 ,#VALUE!
38059 ,#VALUE!
38061 ,#VALUE!
38063 ,#VALUE!
38065 ,#VALUE!
38067 ,#VALUE!
38069 ,#VALUE!
38071 ,#VALUE!
38073 ,#VALUE!
38075 ,#VALUE!
38077 ,#VALUE!
38079 ,#VALUE!
38081 ,#VALUE!
38083 ,#VALUE!
38085 ,#VALUE!
38087 ,#VALUE!
38089 ,#VALUE!
38091 ,#VALUE!
38093 ,#VALUE!
38095 ,#VALUE!
38097 ,#VALUE!
38099 ,#VALUE!
38101 ,#VALUE!
38103 ,#VALUE!
38105 ,#VALUE!
39000 ,#VALUE!
39001 ,#VALUE!
39003 ,#VALUE!
39005 ,#VALUE!
39007 ,#VALUE!
39009 ,#VALUE!
39011 ,#VALUE!
39013 ,#VALUE!
39015 ,#VALUE!
39017 ,#VALUE!
39019 ,#VALUE!
39021 ,#VALUE!
39023 ,#VALUE!
39025 ,#VALUE!
39027 ,#VALUE!
39029 ,#VALUE!
39031 ,#VALUE!
39033 ,#VALUE!
39035 ,#VALUE!
39037 ,#VALUE!
39039 ,#VALUE!
39041 ,#VALUE!
39043 ,#VALUE!
39045 ,#VALUE!
39047 ,#VALUE!
39049 ,#VALUE!
39051 ,#VALUE!
39053 ,#VALUE!
39055 ,#VALUE!
39057 ,#VALUE!
39059 ,#VALUE!
39061 ,#VALUE!
39063 ,#VALUE!
39065 ,#VALUE!
39067 ,#VALUE!
39069 ,#VALUE!
39071 ,#VALUE!
39073 ,#VALUE!
39075 ,#VALUE!
39077 ,#VALUE!
39079 ,#VALUE!
39081 ,#VALUE!
39083 ,#VALUE!
39085 ,#VALUE!
39087 ,#VALUE!
39089 ,#VALUE!
39091 ,#VALUE!
39093 ,#VALUE!
39095 ,#VALUE!
39097 ,#VALUE!
39099 ,#VALUE!
39101 ,#VALUE!
39103 ,#VALUE!
39105 ,#VALUE!
39107 ,#VALUE!
39109 ,#VALUE!
39111 ,#VALUE!
39113 ,#VALUE!
39115 ,#VALUE!
39117 ,#VALUE!
39119 ,#VALUE!
39121 ,#VALUE!
39123 ,#VALUE!
39125 ,#VALUE!
39127 ,#VALUE!
39129 ,#VALUE!
39131 ,#VALUE!
39133 ,#VALUE!
39135 ,#VALUE!
39137 ,#VALUE!
39139 ,#VALUE!
39141 ,#VALUE!
39143 ,#VALUE!
39145 ,#VALUE!
39147 ,#VALUE!
39149 ,#VALUE!
39151 ,#VALUE!
39153 ,#VALUE!
39155 ,#VALUE!
39157 ,#VALUE!
39159 ,#VALUE!
39161 ,#VALUE!
39163 ,#VALUE!
39165 ,#VALUE!
39167 ,#VALUE!
39169 ,#VALUE!
39171 ,#VALUE!
39173 ,#VALUE!
39175 ,#VALUE!
40000 ,#VALUE!
40001 ,#VALUE!
40003 ,#VALUE!
40005 ,#VALUE!
40007 ,#VALUE!
40009 ,#VALUE!
40011 ,#VALUE!
40013 ,#VALUE!
40015 ,#VALUE!
40017 ,#VALUE!
40019 ,#VALUE!
40021 ,#VALUE!
40023 ,#VALUE!
40025 ,#VALUE!
40027 ,#VALUE!
40029 ,#VALUE!
40031 ,#VALUE!
40033 ,#VALUE!
40035 ,#VALUE!
40037 ,#VALUE!
40039 ,#VALUE!
40041 ,#VALUE!
40043 ,#VALUE!
40045 ,#VALUE!
40047 ,#VALUE!
40049 ,#VALUE!
40051 ,#VALUE!
40053 ,#VALUE!
40055 ,#VALUE!
40057 ,#VALUE!
40059 ,#VALUE!
40061 ,#VALUE!
40063 ,#VALUE!
40065 ,#VALUE!
40067 ,#VALUE!
40069 ,#VALUE!
40071 ,#VALUE!
40073 ,#VALUE!
40075 ,#VALUE!
40077 ,#VALUE!
40079 ,#VALUE!
40081 ,#VALUE!
40083 ,#VALUE!
40085 ,#VALUE!
40087 ,#VALUE!
40089 ,#VALUE!
40091 ,#VALUE!
40093 ,#VALUE!
40095 ,#VALUE!
40097 ,#VALUE!
40099 ,#VALUE!
40101 ,#VALUE!
40103 ,#VALUE!
40105 ,#VALUE!
40107 ,#VALUE!
40109 ,#VALUE!
40111 ,#VALUE!
40113 ,#VALUE!
40115 ,#VALUE!
40117 ,#VALUE!
40119 ,#VALUE!
40121 ,#VALUE!
40123 ,#VALUE!
40125 ,#VALUE!
40127 ,#VALUE!
40129 ,#VALUE!
40131 ,#VALUE!
40133 ,#VALUE!
40135 ,#VALUE!
40137 ,#VALUE!
40139 ,#VALUE!
40141 ,#VALUE!
40143 ,#VALUE!
40145 ,#VALUE!
40147 ,#VALUE!
40149 ,#VALUE!
40151 ,#VALUE!
40153 ,#VALUE!
41000 ,#VALUE!
41001 ,#VALUE!
41003 ,#VALUE!
41005 ,#VALUE!
41007 ,#VALUE!
41009 ,#VALUE!
41011 ,#VALUE!
41013 ,#VALUE!
41015 ,#VALUE!
41017 ,#VALUE!
41019 ,#VALUE!
41021 ,#VALUE!
41023 ,#VALUE!
41025 ,#VALUE!
41027 ,#VALUE!
41029 ,#VALUE!
41031 ,#VALUE!
41033 ,#VALUE!
41035 ,#VALUE!
41037 ,#VALUE!
41039 ,#VALUE!
41041 ,#VALUE!
41043 ,#VALUE!
41045 ,#VALUE!
41047 ,#VALUE!
41049 ,#VALUE!
41051 ,#VALUE!
41053 ,#VALUE!
41055 ,#VALUE!
41057 ,#VALUE!
41059 ,#VALUE!
41061 ,#VALUE!
41063 ,#VALUE!
41065 ,#VALUE!
41067 ,#VALUE!
41069 ,#VALUE!
41071 ,#VALUE!
42000 ,#VALUE!
42001 ,#VALUE!
42003 ,#VALUE!
42005 ,#VALUE!
42007 ,#VALUE!
42009 ,#VALUE!
42011 ,#VALUE!
42013 ,#VALUE!
42015 ,#VALUE!
42017 ,#VALUE!
42019 ,#VALUE!
42021 ,#VALUE!
42023 ,#VALUE!
42025 ,#VALUE!
42027 ,#VALUE!
42029 ,#VALUE!
42031 ,#VALUE!
42033 ,#VALUE!
42035 ,#VALUE!
42037 ,#VALUE!
42039 ,#VALUE!
42041 ,#VALUE!
42043 ,#VALUE!
42045 ,#VALUE!
42047 ,#VALUE!
42049 ,#VALUE!
42051 ,#VALUE!
42053 ,#VALUE!
42055 ,#VALUE!
42057 ,#VALUE!
42059 ,#VALUE!
42061 ,#VALUE!
42063 ,#VALUE!
42065 ,#VALUE!
42067 ,#VALUE!
42069 ,#VALUE!
42071 ,#VALUE!
42073 ,#VALUE!
42075 ,#VALUE!
42077 ,#VALUE!
42079 ,#VALUE!
42081 ,#VALUE!
42083 ,#VALUE!
42085 ,#VALUE!
42087 ,#VALUE!
42089 ,#VALUE!
42091 ,#VALUE!
42093 ,#VALUE!
42095 ,#VALUE!
42097 ,#VALUE!
42099 ,#VALUE!
42101 ,#VALUE!
42103 ,#VALUE!
42105 ,#VALUE!
42107 ,#VALUE!
42109 ,#VALUE!
42111 ,#VALUE!
42113 ,#VALUE!
42115 ,#VALUE!
42117 ,#VALUE!
42119 ,#VALUE!
42121 ,#VALUE!
42123 ,#VALUE!
42125 ,#VALUE!
42127 ,#VALUE!
42129 ,#VALUE!
42131 ,#VALUE!
42133 ,#VALUE!
44000 ,#VALUE!
44001 ,#VALUE!
44003 ,#VALUE!
44005 ,#VALUE!
44007 ,#VALUE!
44009 ,#VALUE!
45000 ,#VALUE!
45001 ,#VALUE!
45003 ,#VALUE!
45005 ,#VALUE!
45007 ,#VALUE!
45009 ,#VALUE!
45011 ,#VALUE!
45013 ,#VALUE!
45015 ,#VALUE!
45017 ,#VALUE!
45019 ,#VALUE!
45021 ,#VALUE!
45023 ,#VALUE!
45025 ,#VALUE!
45027 ,#VALUE!
45029 ,#VALUE!
45031 ,#VALUE!
45033 ,#VALUE!
45035 ,#VALUE!
45037 ,#VALUE!
45039 ,#VALUE!
45041 ,#VALUE!
45043 ,#VALUE!
45045 ,#VALUE!
45047 ,#VALUE!
45049 ,#VALUE!
45051 ,#VALUE!
45053 ,#VALUE!
45055 ,#VALUE!
45057 ,#VALUE!
45059 ,#VALUE!
45061 ,#VALUE!
45063 ,#VALUE!
45065 ,#VALUE!
45067 ,#VALUE!
45069 ,#VALUE!
45071 ,#VALUE!
45073 ,#VALUE!
45075 ,#VALUE!
45077 ,#VALUE!
45079 ,#VALUE!
45081 ,#VALUE!
45083 ,#VALUE!
45085 ,#VALUE!
45087 ,#VALUE!
45089 ,#VALUE!
45091 ,#VALUE!
46000 ,#VALUE!
46003 ,#VALUE!
46005 ,#VALUE!
46007 ,#VALUE!
46009 ,#VALUE!
46011 ,#VALUE!
46013 ,#VALUE!
46015 ,#VALUE!
46017 ,#VALUE!
46019 ,#VALUE!
46021 ,#VALUE!
46023 ,#VALUE!
46025 ,#VALUE!
46027 ,#VALUE!
46029 ,#VALUE!
46031 ,#VALUE!
46033 ,#VALUE!
46035 ,#VALUE!
46037 ,#VALUE!
46039 ,#VALUE!
46041 ,#VALUE!
46043 ,#VALUE!
46045 ,#VALUE!
46047 ,#VALUE!
46049 ,#VALUE!
46051 ,#VALUE!
46053 ,#VALUE!
46055 ,#VALUE!
46057 ,#VALUE!
46059 ,#VALUE!
46061 ,#VALUE!
46063 ,#VALUE!
46065 ,#VALUE!
46067 ,#VALUE!
46069 ,#VALUE!
46071 ,#VALUE!
46073 ,#VALUE!
46075 ,#VALUE!
46077 ,#VALUE!
46079 ,#VALUE!
46081 ,#VALUE!
46083 ,#VALUE!
46085 ,#VALUE!
46087 ,#VALUE!
46089 ,#VALUE!
46091 ,#VALUE!
46093 ,#VALUE!
46095 ,#VALUE!
46097 ,#VALUE!
46099 ,#VALUE!
46101 ,#VALUE!
46103 ,#VALUE!
46105 ,#VALUE!
46107 ,#VALUE!
46109 ,#VALUE!
46111 ,#VALUE!
46113 ,#VALUE!
46115 ,#VALUE!
46117 ,#VALUE!
46119 ,#VALUE!
46121 ,#VALUE!
46123 ,#VALUE!
46125 ,#VALUE!
46127 ,#VALUE!
46129 ,#VALUE!
46135 ,#VALUE!
46137 ,#VALUE!
47000 ,#VALUE!
47001 ,#VALUE!
47003 ,#VALUE!
47005 ,#VALUE!
47007 ,#VALUE!
47009 ,#VALUE!
47011 ,#VALUE!
47013 ,#VALUE!
47015 ,#VALUE!
47017 ,#VALUE!
47019 ,#VALUE!
47021 ,#VALUE!
47023 ,#VALUE!
47025 ,#VALUE!
47027 ,#VALUE!
47029 ,#VALUE!
47031 ,#VALUE!
47033 ,#VALUE!
47035 ,#VALUE!
47037 ,#VALUE!
47039 ,#VALUE!
47041 ,#VALUE!
47043 ,#VALUE!
47045 ,#VALUE!
47047 ,#VALUE!
47049 ,#VALUE!
47051 ,#VALUE!
47053 ,#VALUE!
47055 ,#VALUE!
47057 ,#VALUE!
47059 ,#VALUE!
47061 ,#VALUE!
47063 ,#VALUE!
47065 ,#VALUE!
47067 ,#VALUE!
47069 ,#VALUE!
47071 ,#VALUE!
47073 ,#VALUE!
47075 ,#VALUE!
47077 ,#VALUE!
47079 ,#VALUE!
47081 ,#VALUE!
47083 ,#VALUE!
47085 ,#VALUE!
47087 ,#VALUE!
47089 ,#VALUE!
47091 ,#VALUE!
47093 ,#VALUE!
47095 ,#VALUE!
47097 ,#VALUE!
47099 ,#VALUE!
47101 ,#VALUE!
47103 ,#VALUE!
47105 ,#VALUE!
47107 ,#VALUE!
47109 ,#VALUE!
47111 ,#VALUE!
47113 ,#VALUE!
47115 ,#VALUE!
47117 ,#VALUE!
47119 ,#VALUE!
47121 ,#VALUE!
47123 ,#VALUE!
47125 ,#VALUE!
47127 ,#VALUE!
47129 ,#VALUE!
47131 ,#VALUE!
47133 ,#VALUE!
47135 ,#VALUE!
47137 ,#VALUE!
47139 ,#VALUE!
47141 ,#VALUE!
47143 ,#VALUE!
47145 ,#VALUE!
47147 ,#VALUE!
47149 ,#VALUE!
47151 ,#VALUE!
47153 ,#VALUE!
47155 ,#VALUE!
47157 ,#VALUE!
47159 ,#VALUE!
47161 ,#VALUE!
47163 ,#VALUE!
47165 ,#VALUE!
47167 ,#VALUE!
47169 ,#VALUE!
47171 ,#VALUE!
47173 ,#VALUE!
47175 ,#VALUE!
47177 ,#VALUE!
47179 ,#VALUE!
47181 ,#VALUE!
47183 ,#VALUE!
47185 ,#VALUE!
47187 ,#VALUE!
47189 ,#VALUE!
48000 ,#VALUE!
48001 ,#VALUE!
48003 ,#VALUE!
48005 ,#VALUE!
48007 ,#VALUE!
48009 ,#VALUE!
48011 ,#VALUE!
48013 ,#VALUE!
48015 ,#VALUE!
48017 ,#VALUE!
48019 ,#VALUE!
48021 ,#VALUE!
48023 ,#VALUE!
48025 ,#VALUE!
48027 ,#VALUE!
48029 ,#VALUE!
48031 ,#VALUE!
48033 ,#VALUE!
48035 ,#VALUE!
48037 ,#VALUE!
48039 ,#VALUE!
48041 ,#VALUE!
48043 ,#VALUE!
48045 ,#VALUE!
48047 ,#VALUE!
48049 ,#VALUE!
48051 ,#VALUE!
48053 ,#VALUE!
48055 ,#VALUE!
48057 ,#VALUE!
48059 ,#VALUE!
48061 ,#VALUE!
48063 ,#VALUE!
48065 ,#VALUE!
48067 ,#VALUE!
48069 ,#VALUE!
48071 ,#VALUE!
48073 ,#VALUE!
48075 ,#VALUE!
48077 ,#VALUE!
48079 ,#VALUE!
48081 ,#VALUE!
48083 ,#VALUE!
48085 ,#VALUE!
48087 ,#VALUE!
48089 ,#VALUE!
48091 ,#VALUE!
48093 ,#VALUE!
48095 ,#VALUE!
48097 ,#VALUE!
48099 ,#VALUE!
48101 ,#VALUE!
48103 ,#VALUE!
48105 ,#VALUE!
48107 ,#VALUE!
48109 ,#VALUE!
48111 ,#VALUE!
48113 ,#VALUE!
48115 ,#VALUE!
48117 ,#VALUE!
48119 ,#VALUE!
48121 ,#VALUE!
48123 ,#VALUE!
48125 ,#VALUE!
48127 ,#VALUE!
48129 ,#VALUE!
48131 ,#VALUE!
48133 ,#VALUE!
48135 ,#VALUE!
48137 ,#VALUE!
48139 ,#VALUE!
48141 ,#VALUE!
48143 ,#VALUE!
48145 ,#VALUE!
48147 ,#VALUE!
48149 ,#VALUE!
48151 ,#VALUE!
48153 ,#VALUE!
48155 ,#VALUE!
48157 ,#VALUE!
48159 ,#VALUE!
48161 ,#VALUE!
48163 ,#VALUE!
48165 ,#VALUE!
48167 ,#VALUE!
48169 ,#VALUE!
48171 ,#VALUE!
48173 ,#VALUE!
48175 ,#VALUE!
48177 ,#VALUE!
48179 ,#VALUE!
48181 ,#VALUE!
48183 ,#VALUE!
48185 ,#VALUE!
48187 ,#VALUE!
48189 ,#VALUE!
48191 ,#VALUE!
48193 ,#VALUE!
48195 ,#VALUE!
48197 ,#VALUE!
48199 ,#VALUE!
48201 ,#VALUE!
48203 ,#VALUE!
48205 ,#VALUE!
48207 ,#VALUE!
48209 ,#VALUE!
48211 ,#VALUE!
48213 ,#VALUE!
48215 ,#VALUE!
48217 ,#VALUE!
48219 ,#VALUE!
48221 ,#VALUE!
48223 ,#VALUE!
48225 ,#VALUE!
48227 ,#VALUE!
48229 ,#VALUE!
48231 ,#VALUE!
48233 ,#VALUE!
48235 ,#VALUE!
48237 ,#VALUE!
48239 ,#VALUE!
48241 ,#VALUE!
48243 ,#VALUE!
48245 ,#VALUE!
48247 ,#VALUE!
48249 ,#VALUE!
48251 ,#VALUE!
48253 ,#VALUE!
48255 ,#VALUE!
48257 ,#VALUE!
48259 ,#VALUE!
48261 ,#VALUE!
48263 ,#VALUE!
48265 ,#VALUE!
48267 ,#VALUE!
48269 ,#VALUE!
48271 ,#VALUE!
48273 ,#VALUE!
48275 ,#VALUE!
48277 ,#VALUE!
48279 ,#VALUE!
48281 ,#VALUE!
48283 ,#VALUE!
48285 ,#VALUE!
48287 ,#VALUE!
48289 ,#VALUE!
48291 ,#VALUE!
48293 ,#VALUE!
48295 ,#VALUE!
48297 ,#VALUE!
48299 ,#VALUE!
48301 ,#VALUE!
48303 ,#VALUE!
48305 ,#VALUE!
48307 ,#VALUE!
48309 ,#VALUE!
48311 ,#VALUE!
48313 ,#VALUE!
48315 ,#VALUE!
48317 ,#VALUE!
48319 ,#VALUE!
48321 ,#VALUE!
48323 ,#VALUE!
48325 ,#VALUE!
48327 ,#VALUE!
48329 ,#VALUE!
48331 ,#VALUE!
48333 ,#VALUE!
48335 ,#VALUE!
48337 ,#VALUE!
48339 ,#VALUE!
48341 ,#VALUE!
48343 ,#VALUE!
48345 ,#VALUE!
48347 ,#VALUE!
48349 ,#VALUE!
48351 ,#VALUE!
48353 ,#VALUE!
48355 ,#VALUE!
48357 ,#VALUE!
48359 ,#VALUE!
48361 ,#VALUE!
48363 ,#VALUE!
48365 ,#VALUE!
48367 ,#VALUE!
48369 ,#VALUE!
48371 ,#VALUE!
48373 ,#VALUE!
48375 ,#VALUE!
48377 ,#VALUE!
48379 ,#VALUE!
48381 ,#VALUE!
48383 ,#VALUE!
48385 ,#VALUE!
48387 ,#VALUE!
48389 ,#VALUE!
48391 ,#VALUE!
48393 ,#VALUE!
48395 ,#VALUE!
48397 ,#VALUE!
48399 ,#VALUE!
48401 ,#VALUE!
48403 ,#VALUE!
48405 ,#VALUE!
48407 ,#VALUE!
48409 ,#VALUE!
48411 ,#VALUE!
48413 ,#VALUE!
48415 ,#VALUE!
48417 ,#VALUE!
48419 ,#VALUE!
48421 ,#VALUE!
48423 ,#VALUE!
48425 ,#VALUE!
48427 ,#VALUE!
48429 ,#VALUE!
48431 ,#VALUE!
48433 ,#VALUE!
48435 ,#VALUE!
48437 ,#VALUE!
48439 ,#VALUE!
48441 ,#VALUE!
48443 ,#VALUE!
48445 ,#VALUE!
48447 ,#VALUE!
48449 ,#VALUE!
48451 ,#VALUE!
48453 ,#VALUE!
48455 ,#VALUE!
48457 ,#VALUE!
48459 ,#VALUE!
48461 ,#VALUE!
48463 ,#VALUE!
48465 ,#VALUE!
48467 ,#VALUE!
48469 ,#VALUE!
48471 ,#VALUE!
48473 ,#VALUE!
48475 ,#VALUE!
48477 ,#VALUE!
48479 ,#VALUE!
48481 ,#VALUE!
48483 ,#VALUE!
48485 ,#VALUE!
48487 ,#VALUE!
48489 ,#VALUE!
48491 ,#VALUE!
48493 ,#VALUE!
48495 ,#VALUE!
48497 ,#VALUE!
48499 ,#VALUE!
48501 ,#VALUE!
48503 ,#VALUE!
48505 ,#VALUE!
48507 ,#VALUE!
49000 ,#VALUE!
49001 ,#VALUE!
49003 ,#VALUE!
49005 ,#VALUE!
49007 ,#VALUE!
49009 ,#VALUE!
49011 ,#VALUE!
49013 ,#VALUE!
49015 ,#VALUE!
49017 ,#VALUE!
49019 ,#VALUE!
49021 ,#VALUE!
49023 ,#VALUE!
49025 ,#VALUE!
49027 ,#VALUE!
49029 ,#VALUE!
49031 ,#VALUE!
49033 ,#VALUE!
49035 ,#VALUE!
49037 ,#VALUE!
49039 ,#VALUE!
49041 ,#VALUE!
49043 ,#VALUE!
49045 ,#VALUE!
49047 ,#VALUE!
49049 ,#VALUE!
49051 ,#VALUE!
49053 ,#VALUE!
49055 ,#VALUE!
49057 ,#VALUE!
50000 ,#VALUE!
50001 ,#VALUE!
50003 ,#VALUE!
50005 ,#VALUE!
50007 ,#VALUE!
50009 ,#VALUE!
50011 ,#VALUE!
50013 ,#VALUE!
50015 ,#VALUE!
50017 ,#VALUE!
50019 ,#VALUE!
50021 ,#VALUE!
50023 ,#VALUE!
50025 ,#VALUE!
50027 ,#VALUE!
51000 ,#VALUE!
51001 ,#VALUE!
51003 ,#VALUE!
51005 ,#VALUE!
51007 ,#VALUE!
51009 ,#VALUE!
51011 ,#VALUE!
51013 ,#VALUE!
51015 ,#VALUE!
51017 ,#VALUE!
51019 ,#VALUE!
51021 ,#VALUE!
51023 ,#VALUE!
51025 ,#VALUE!
51027 ,#VALUE!
51029 ,#VALUE!
51031 ,#VALUE!
51033 ,#VALUE!
51035 ,#VALUE!
51036 ,#VALUE!
51037 ,#VALUE!
51041 ,#VALUE!
51043 ,#VALUE!
51045 ,#VALUE!
51047 ,#VALUE!
51049 ,#VALUE!
51051 ,#VALUE!
51053 ,#VALUE!
51057 ,#VALUE!
51059 ,#VALUE!
51061 ,#VALUE!
51063 ,#VALUE!
51065 ,#VALUE!
51067 ,#VALUE!
51069 ,#VALUE!
51071 ,#VALUE!
51073 ,#VALUE!
51075 ,#VALUE!
51077 ,#VALUE!
51079 ,#VALUE!
51081 ,#VALUE!
51083 ,#VALUE!
51085 ,#VALUE!
51087 ,#VALUE!
51089 ,#VALUE!
51091 ,#VALUE!
51093 ,#VALUE!
51095 ,#VALUE!
51097 ,#VALUE!
51099 ,#VALUE!
51101 ,#VALUE!
51103 ,#VALUE!
51105 ,#VALUE!
51107 ,#VALUE!
51109 ,#VALUE!
51111 ,#VALUE!
51113 ,#VALUE!
51115 ,#VALUE!
51117 ,#VALUE!
51119 ,#VALUE!
51121 ,#VALUE!
51125 ,#VALUE!
51127 ,#VALUE!
51131 ,#VALUE!
51133 ,#VALUE!
51135 ,#VALUE!
51137 ,#VALUE!
51139 ,#VALUE!
51141 ,#VALUE!
51143 ,#VALUE!
51145 ,#VALUE!
51147 ,#VALUE!
51149 ,#VALUE!
51153 ,#VALUE!
51155 ,#VALUE!
51157 ,#VALUE!
51159 ,#VALUE!
51161 ,#VALUE!
51163 ,#VALUE!
51165 ,#VALUE!
51167 ,#VALUE!
51169 ,#VALUE!
51171 ,#VALUE!
51173 ,#VALUE!
51175 ,#VALUE!
51177 ,#VALUE!
51179 ,#VALUE!
51181 ,#VALUE!
51183 ,#VALUE!
51185 ,#VALUE!
51187 ,#VALUE!
51191 ,#VALUE!
51193 ,#VALUE!
51195 ,#VALUE!
51197 ,#VALUE!
51199 ,#VALUE!
51510 ,#VALUE!
51515 ,#VALUE!
51520 ,#VALUE!
51530 ,#VALUE!
51540 ,#VALUE!
51550 ,#VALUE!
51560 ,#VALUE!
51570 ,#VALUE!
51580 ,#VALUE!
51590 ,#VALUE!
51595 ,#VALUE!
51600 ,#VALUE!
51610 ,#VALUE!
51620 ,#VALUE!
51630 ,#VALUE!
51640 ,#VALUE!
51650 ,#VALUE!
51660 ,#VALUE!
51670 ,#VALUE!
51678 ,#VALUE!
51680 ,#VALUE!
51683 ,#VALUE!
51685 ,#VALUE!
51690 ,#VALUE!
51700 ,#VALUE!
51710 ,#VALUE!
51720 ,#VALUE!
51730 ,#VALUE!
51735 ,#VALUE!
51740 ,#VALUE!
51750 ,#VALUE!
51760 ,#VALUE!
51770 ,#VALUE!
51775 ,#VALUE!
51780 ,#VALUE!
51790 ,#VALUE!
51800 ,#VALUE!
51810 ,#VALUE!
51820 ,#VALUE!
51830 ,#VALUE!
51840 ,#VALUE!
53000 ,#VALUE!
53001 ,#VALUE!
53003 ,#VALUE!
53005 ,#VALUE!
53007 ,#VALUE!
53009 ,#VALUE!
53011 ,#VALUE!
53013 ,#VALUE!
53015 ,#VALUE!
53017 ,#VALUE!
53019 ,#VALUE!
53021 ,#VALUE!
53023 ,#VALUE!
53025 ,#VALUE!
53027 ,#VALUE!
53029 ,#VALUE!
53031 ,#VALUE!
53033 ,#VALUE!
53035 ,#VALUE!
53037 ,#VALUE!
53039 ,#VALUE!
53041 ,#VALUE!
53043 ,#VALUE!
53045 ,#VALUE!
53047 ,#VALUE!
53049 ,#VALUE!
53051 ,#VALUE!
53053 ,#VALUE!
53055 ,#VALUE!
53057 ,#VALUE!
53059 ,#VALUE!
53061 ,#VALUE!
53063 ,#VALUE!
53065 ,#VALUE!
53067 ,#VALUE!
53069 ,#VALUE!
53071 ,#VALUE!
53073 ,#VALUE!
53075 ,#VALUE!
53077 ,#VALUE!
54000 ,#VALUE!
54001 ,#VALUE!
54003 ,#VALUE!
54005 ,#VALUE!
54007 ,#VALUE!
54009 ,#VALUE!
54011 ,#VALUE!
54013 ,#VALUE!
54015 ,#VALUE!
54017 ,#VALUE!
54019 ,#VALUE!
54021 ,#VALUE!
54023 ,#VALUE!
54025 ,#VALUE!
54027 ,#VALUE!
54029 ,#VALUE!
54031 ,#VALUE!
54033 ,#VALUE!
54035 ,#VALUE!
54037 ,#VALUE!
54039 ,#VALUE!
54041 ,#VALUE!
54043 ,#VALUE!
54045 ,#VALUE!
54047 ,#VALUE!
54049 ,#VALUE!
54051 ,#VALUE!
54053 ,#VALUE!
54055 ,#VALUE!
54057 ,#VALUE!
54059 ,#VALUE!
54061 ,#VALUE!
54063 ,#VALUE!
54065 ,#VALUE!
54067 ,#VALUE!
54069 ,#VALUE!
54071 ,#VALUE!
54073 ,#VALUE!
54075 ,#VALUE!
54077 ,#VALUE!
54079 ,#VALUE!
54081 ,#VALUE!
54083 ,#VALUE!
54085 ,#VALUE!
54087 ,#VALUE!
54089 ,#VALUE!
54091 ,#VALUE!
54093 ,#VALUE!
54095 ,#VALUE!
54097 ,#VALUE!
54099 ,#VALUE!
54101 ,#VALUE!
54103 ,#VALUE!
54105 ,#VALUE!
54107 ,#VALUE!
54109 ,#VALUE!
55000 ,#VALUE!
55001 ,#VALUE!
55003 ,#VALUE!
55005 ,#VALUE!
55007 ,#VALUE!
55009 ,#VALUE!
55011 ,#VALUE!
55013 ,#VALUE!
55015 ,#VALUE!
55017 ,#VALUE!
55019 ,#VALUE!
55021 ,#VALUE!
55023 ,#VALUE!
55025 ,#VALUE!
55027 ,#VALUE!
55029 ,#VALUE!
55031 ,#VALUE!
55033 ,#VALUE!
55035 ,#VALUE!
55037 ,#VALUE!
55039 ,#VALUE!
55041 ,#VALUE!
55043 ,#VALUE!
55045 ,#VALUE!
55047 ,#VALUE!
55049 ,#VALUE!
55051 ,#VALUE!
55053 ,#VALUE!
55055 ,#VALUE!
55057 ,#VALUE!
55059 ,#VALUE!
55061 ,#VALUE!
55063 ,#VALUE!
55065 ,#VALUE!
55067 ,#VALUE!
55069 ,#VALUE!
55071 ,#VALUE!
55073 ,#VALUE!
55075 ,#VALUE!
55077 ,#VALUE!
55078 ,#VALUE!
55079 ,#VALUE!
55081 ,#VALUE!
55083 ,#VALUE!
55085 ,#VALUE!
55087 ,#VALUE!
55089 ,#VALUE!
55091 ,#VALUE!
55093 ,#VALUE!
55095 ,#VALUE!
55097 ,#VALUE!
55099 ,#VALUE!
55101 ,#VALUE!
55103 ,#VALUE!
55105 ,#VALUE!
55107 ,#VALUE!
55109 ,#VALUE!
55111 ,#VALUE!
55113 ,#VALUE!
55115 ,#VALUE!
55117 ,#VALUE!
55119 ,#VALUE!
55121 ,#VALUE!
55123 ,#VALUE!
55125 ,#VALUE!
55127 ,#VALUE!
55129 ,#VALUE!
55131 ,#VALUE!
55133 ,#VALUE!
55135 ,#VALUE!
55137 ,#VALUE!
55139 ,#VALUE!
55141 ,#VALUE!
56000 ,#VALUE!
56001 ,#VALUE!
56003 ,#VALUE!
56005 ,#VALUE!
56007 ,#VALUE!
56009 ,#VALUE!
56011 ,#VALUE!
56013 ,#VALUE!
56015 ,#VALUE!
56017 ,#VALUE!
56019 ,#VALUE!
56021 ,#VALUE!
56023 ,#VALUE!
56025 ,#VALUE!
56027 ,#VALUE!
56029 ,#VALUE!
56031 ,#VALUE!
56033 ,#VALUE!
56035 ,#VALUE!
56037 ,#VALUE!
56039 ,#VALUE!
56041 ,#VALUE!
56043 ,#VALUE!
56045 ,#VALUE!
60000 ,#VALUE!
60010 ,#VALUE!
60020 ,#VALUE!
60030 ,#VALUE!
60040 ,#VALUE!
60050 ,#VALUE!
64000 ,#VALUE!
64002 ,#VALUE!
64005 ,#VALUE!
64040 ,#VALUE!
64060 ,#VALUE!
66000 ,#VALUE!
66010 ,#VALUE!
68000 ,#VALUE!
68007 ,#VALUE!
68010 ,#VALUE!
68030 ,#VALUE!
68040 ,#VALUE!
68050 ,#VALUE!
68060 ,#VALUE!
68070 ,#VALUE!
68073 ,#VALUE!
68080 ,#VALUE!
68090 ,#VALUE!
68100 ,#VALUE!
68110 ,#VALUE!
68120 ,#VALUE!
68130 ,#VALUE!
68140 ,#VALUE!
68150 ,#VALUE!
68160 ,#VALUE!
68170 ,#VALUE!
68180 ,#VALUE!
68190 ,#VALUE!
68300 ,#VALUE!
68310 ,#VALUE!
68320 ,#VALUE!
68330 ,#VALUE!
68340 ,#VALUE!
68350 ,#VALUE!
68360 ,#VALUE!
68385 ,#VALUE!
68390 ,#VALUE!
68400 ,#VALUE!
68410 ,#VALUE!
68420 ,#VALUE!
68430 ,#VALUE!
69000 ,#VALUE!
69085 ,#VALUE!
69100 ,#VALUE!
69110 ,#VALUE!
69120 ,#VALUE!
70000 ,#VALUE!
70002 ,#VALUE!
70004 ,#VALUE!
70212 ,#VALUE!
70214 ,#VALUE!
70227 ,#VALUE!
70228 ,#VALUE!
72000 ,#VALUE!
72001 ,#VALUE!
72003 ,#VALUE!
72005 ,#VALUE!
72007 ,#VALUE!
72009 ,#VALUE!
72011 ,#VALUE!
72013 ,#VALUE!
72015 ,#VALUE!
72017 ,#VALUE!
72019 ,#VALUE!
72021 ,#VALUE!
72023 ,#VALUE!
72025 ,#VALUE!
72027 ,#VALUE!
72029 ,#VALUE!
72031 ,#VALUE!
72033 ,#VALUE!
72035 ,#VALUE!
72037 ,#VALUE!
72041 ,#VALUE!
72043 ,#VALUE!
72045 ,#VALUE!
72047 ,#VALUE!
72049 ,#VALUE!
72051 ,#VALUE!
72053 ,#VALUE!
72054 ,#VALUE!
72055 ,#VALUE!
72057 ,#VALUE!
72059 ,#VALUE!
72061 ,#VALUE!
72063 ,#VALUE!
72065 ,#VALUE!
72067 ,#VALUE!
72069 ,#VALUE!
72071 ,#VALUE!
72073 ,#VALUE!
72075 ,#VALUE!
72077 ,#VALUE!
72079 ,#VALUE!
72081 ,#VALUE!
72083 ,#VALUE!
72085 ,#VALUE!
72087 ,#VALUE!
72089 ,#VALUE!
72091 ,#VALUE!
72093 ,#VALUE!
72097 ,#VALUE!
72099 ,#VALUE!
72101 ,#VALUE!
72103 ,#VALUE!
72105 ,#VALUE!
72107 ,#VALUE!
72109 ,#VALUE!
72111 ,#VALUE!
72113 ,#VALUE!
72115 ,#VALUE!
72117 ,#VALUE!
72119 ,#VALUE!
72121 ,#VALUE!
72123 ,#VALUE!
72125 ,#VALUE!
72127 ,#VALUE!
72129 ,#VALUE!
72131 ,#VALUE!
72133 ,#VALUE!
72135 ,#VALUE!
72137 ,#VALUE!
72139 ,#VALUE!
72141 ,#VALUE!
72143 ,#VALUE!
72145 ,#VALUE!
72147 ,#VALUE!
72149 ,#VALUE!
72151 ,#VALUE!
72153 ,#VALUE!
74000 ,#VALUE!
74050 ,#VALUE!
74100 ,#VALUE!
74150 ,#VALUE!
74200 ,#VALUE!
74250 ,#VALUE!
74300 ,#VALUE!
74350 ,#VALUE!
74400 ,#VALUE!
74450 ,#VALUE!
78000 ,#VALUE!
78010 ,#VALUE!
78010 ,#VALUE!
78020 ,#VALUE!
78030 ,#VALUE!
78050 ,#VALUE!
78100 ,#VALUE!
78150 ,#VALUE!
78218 ,#VALUE!
78222 ,#VALUE!
78224 ,#VALUE!
78226 ,#VALUE!
78350 ,#VALUE!
,#VALUE!
,
,
